,독립변수,correlation,p-value
0,age,0.069017002,0.0290813341 
1,size of cancers,0.287994288,0.0000000000 
2,ER_Allred_score,0.106277128,0.0007623583 
3,PR_Allred_score,0.072370256,0.0220975056 
4,KI-67_LI_percent,0.21082445,0.0000000000 
5,HER2_SISH_ratio,0.069394797,0.0282097355 
