,독립변수,correlation,p-value
0,age,0.0690170023 ,0.0290813341 
1,size of cancers,0.2879942884 ,0.0000000000 
2,ER_Allred_score,0.0548476751 ,0.0829941410 
3,PR_Allred_score,(0.0474000752),0.1341620315 
4,KI-67_LI_percent,0.1886171352 ,0.0000000018 
5,HER2_SISH_ratio,0.0342306307 ,0.2795055947 
