,독립변수,correlation,p-value
0,age,0.06901700233791797,0.029081334123338548
1,size of cancers,0.28066382769333015,1.4733133826389793e-19
2,ER_Allred_score,0.10627712757198526,0.0007623583491914491
3,PR_Allred_score,0.07237025611323947,0.022097505644309724
4,KI-67_LI_percent,0.21082444956687627,1.6466823830657848e-11
5,HER2_SISH_ratio,0.0693947971267329,0.02820973551076389
